,City,Cloudiness,Country,Date,Humidity,Lat,Lng,Max Temp,Wind Speed
0,cabo san lucas,75,MX,1563305276,58,22.89,-109.91,95,6.93
1,puerto ayora,20,EC,1563305311,51,-0.74,-90.35,80.6,21.92
2,alihe,64,CN,1563305494,93,50.57,123.73,56.93,2.59
3,qaanaaq,76,GL,1563305341,52,77.48,-69.36,45.91,1.81
4,necochea,100,AR,1563305495,70,-38.55,-58.74,54,7
5,ambilobe,0,MG,1563305495,71,-13.19,49.05,70.07,8.48
6,suraabad,0,AZ,1563305496,83,40.82,49.47,75.2,9.17
7,avarua,100,CK,1563305496,69,-21.21,-159.78,73.4,12.75
8,taolanaro,,,,,,,,
9,punta arenas,75,CL,1563305307,70,-53.16,-70.91,42.8,18.34
10,walvis bay,0,NA,1563305496,68,-22.95,14.51,66.2,2.24
11,rikitea,83,PF,1563305303,77,-23.12,-134.97,72.19,4.09
12,ban nahin,15,LA,1563305497,94,18.24,104.21,74.03,1.99
13,yellowknife,20,CA,1563305302,38,62.45,-114.38,77,10.29
14,vaini,31,IN,1563305306,88,15.34,74.49,77.77,0.31
15,saskylakh,100,RU,1563305498,89,71.97,114.09,42.89,15.3
16,jamestown,29,AU,1563305337,94,-33.21,138.6,45.73,4.72
17,bredasdorp,17,ZA,1563305337,87,-34.53,20.04,51.8,4.7
18,lagoa,0,PT,1563305332,69,37.14,-8.45,80.01,6.93
19,port macquarie,0,AU,1563305499,75,-31.43,152.91,44.6,6.93
20,beyneu,7,KZ,1563305499,21,45.32,55.19,83.39,11.18
21,busselton,0,AU,1563305358,72,-33.64,115.35,43,11.65
22,vallenar,0,CL,1563305499,61,-28.58,-70.76,58.37,3.62
23,bethel,75,US,1563305332,67,60.79,-161.76,62.6,6.93
24,todos santos,40,MX,1563305500,31,23.45,-110.23,95,11.41
25,rodrigues alves,40,BR,1563305500,79,-7.74,-72.65,84.2,5.82
26,sao sebastiao,20,BR,1563305500,59,-3.15,-58.36,89.6,3.36
27,tutora,0,RO,1563305501,55,47.13,27.78,68,2.28
28,luderitz,0,NA,1563305349,76,-26.65,15.16,55.4,4.7
29,nalut,0,LY,1563305501,44,31.86,10.98,79.07,13.56
30,torbay,90,CA,1563305250,88,47.66,-52.73,69.01,3.36
31,mataura,57,NZ,1563305306,94,-46.19,168.86,35.11,3.65
32,kendari,100,ID,1563305502,97,-3.99,122.52,71.69,2.19
33,atuona,12,PF,1563305338,80,-9.8,-139.03,80.11,14.12
34,shimoda,75,JP,1563305502,94,34.7,138.93,71.6,3.36
35,sobolevo,86,RU,1563305503,87,54.43,31.9,52.43,5.86
36,lebu,53,ET,1563305333,82,8.96,38.73,60.8,1.12
37,tasiilaq,75,GL,1563305328,71,65.61,-37.64,55.4,9.17
38,zhigansk,100,RU,1563305503,67,66.77,123.37,57.65,3.53
39,san policarpo,100,PH,1563305504,75,12.18,125.51,81.59,16.35
40,bolungarvik,,,,,,,,
41,lorengau,88,PG,1563305504,84,-2.02,147.27,78.17,3.65
42,poya,100,NC,1563305505,60,-21.35,165.16,68.27,13.09
43,severo-kurilsk,56,RU,1563305362,98,50.68,156.12,43.21,16.87
44,albany,40,US,1563305308,40,42.65,-73.75,91.99,6.93
45,ruteng,25,ID,1563305505,91,-8.61,120.46,68.27,6.33
46,victoria,75,BN,1563305402,88,5.28,115.24,80.6,2.24
47,baruun-urt,19,MN,1563305506,79,46.68,113.28,62.51,4.72
48,sentyabrskiy,,,,,,,,
49,castro,90,CL,1563305313,100,-42.48,-73.76,46.4,6.93
50,cagayan de tawi-tawi,,,,,,,,
51,moranbah,1,AU,1563305507,70,-22,148.04,46.85,9.13
52,cassilandia,54,BR,1563305507,67,-19.11,-51.73,71.87,7.43
53,talawdi,,,,,,,,
54,kavaratti,97,IN,1563305329,77,10.57,72.64,82.81,14.76
55,tumannyy,,,,,,,,
56,vaitupu,,,,,,,,
57,pevek,43,RU,1563305508,92,69.7,170.27,33.35,14.54
58,ushuaia,75,AR,1563305318,80,-54.81,-68.31,41,28.86
59,saint george,90,GR,1563305318,93,39.45,22.34,66.2,6.93
60,port hedland,0,AU,1563305353,40,-20.31,118.58,51.8,10.29
61,bluff,0,AU,1563305309,70,-23.58,149.07,48.97,5.26
62,amderma,,,,,,,,
63,carnarvon,0,ZA,1563305028,23,-30.97,22.13,57.61,11.7
64,barrow,100,AR,1563305305,49,-38.31,-60.23,54.19,15.68
65,portland,20,US,1563305510,54,43.66,-70.25,84.99,11.41
66,santiago,100,PH,1563305509,96,16.69,121.54,70.61,4.14
67,sabzevar,0,IR,1563305510,22,36.21,57.68,81.41,6.4
68,chuy,0,UY,1563305511,85,-33.69,-53.46,50.27,3.42
69,khanpur,44,PK,1563305511,61,28.65,70.66,88.43,13.53
70,hermanus,0,ZA,1563305308,89,-34.42,19.24,55,5.99
71,bengkulu,,,,,,,,
72,longyearbyen,75,NO,1563305355,81,78.22,15.63,42.8,5.82
73,hilo,20,US,1563305320,54,19.71,-155.08,82.4,4.7
74,grand river south east,,,,,,,,
75,georgetown,40,GY,1563305461,74,6.8,-58.16,86,13.87
76,tiarei,75,PF,1563305424,65,-17.53,-149.33,77,8.05
77,nenjiang,53,CN,1563305513,94,49.17,125.23,60.35,6.85
78,talnakh,0,RU,1563305335,87,69.49,88.39,57.2,17.9
79,cochabamba,75,BO,1563305416,35,-17.39,-66.16,73.4,3.36
80,mar del plata,96,AR,1563305155,54,-46.43,-67.52,44.11,8.86
81,erzin,20,TR,1563305514,54,36.95,36.2,81,16.11
82,podporozhye,40,RU,1563305514,86,60.91,34.16,49.37,4.72
83,saint-joseph,0,FR,1563305514,50,43.56,6.97,80.6,3.36
84,ballina,75,IE,1563305437,82,54.11,-9.15,63,10.29
85,clyde river,90,CA,1563305324,100,70.47,-68.59,37.4,9.17
86,la libertad,0,PE,1563305344,12,-16.38,-71.56,68,10.29
87,uslar,90,DE,1563305515,82,51.66,9.63,61,5.82
88,cherskiy,96,RU,1563305510,69,68.75,161.3,41.63,6.46
89,iqaluit,75,CA,1563305302,81,63.75,-68.52,51.8,5.82
90,teahupoo,75,PF,1563305516,65,-17.83,-149.27,77,8.05
91,port alfred,0,ZA,1563305311,77,-33.59,26.89,64.99,1.01
92,hamilton,75,CA,1563305264,62,43.26,-79.87,88,19.46
93,matamoros,40,US,1563305517,50,25.87,-97.51,96.8,21.92
94,hasaki,75,JP,1563305517,100,35.73,140.83,70,6.93
95,dikson,9,RU,1563305320,85,73.51,80.55,33.85,13.82
96,arraial do cabo,75,BR,1563305300,73,-22.97,-42.02,71.6,20.8
97,new norfolk,40,AU,1563305336,66,-42.78,147.06,55.99,11.41
98,port lincoln,100,AU,1563305518,69,-34.72,135.86,55.85,22.08
99,barentsburg,,,,,,,,
100,fort nelson,75,CA,1563305519,52,58.81,-122.69,69.8,11.41
101,catamarca,,,,,,,,
102,klaksvik,56,FO,1563305360,100,62.23,-6.59,51.8,13.87
103,ariquemes,4,BR,1563305520,40,-9.91,-63.03,89.69,2.15
104,port elizabeth,1,US,1563305322,58,39.31,-74.98,95,6.93
105,douentza,33,ML,1563305520,32,15.01,-2.95,92.57,8.63
106,taoudenni,23,ML,1563305500,5,22.68,-3.98,103.73,8.48
107,geraldton,75,CA,1563305300,53,49.72,-86.95,75.2,10.29
108,hofn,100,IS,1563305521,99,64.25,-15.21,41.45,4.41
109,kapaa,75,US,1563305326,78,22.08,-159.32,82.4,12.75
110,tuktoyaktuk,75,CA,1563305314,62,69.44,-133.03,51.8,9.17
111,flin flon,20,CA,1563305522,40,54.77,-101.88,73.4,5.82
112,bogalusa,75,US,1563305522,55,30.79,-89.85,93.99,6.93
113,provideniya,90,RU,1563305523,93,64.42,-173.23,51.8,6.71
114,cape town,20,ZA,1563305315,87,-33.93,18.42,57,10.29
115,haines junction,100,CA,1563305365,67,60.75,-137.51,49.87,5.37
116,ostrovnoy,100,RU,1563305347,92,68.05,39.51,41.77,11.97
117,sibu,75,MY,1563305523,100,2.29,111.83,73,5.59
118,dunedin,100,NZ,1563305325,81,-45.87,170.5,41,4
119,zaysan,15,KZ,1563305524,48,47.47,84.87,61.25,8.55
120,cardston,40,CA,1563305524,46,49.2,-113.32,69.8,10.29
121,trairi,36,BR,1563305525,77,-3.28,-39.27,76.19,4.59
122,mys shmidta,,,,,,,,
123,upernavik,0,GL,1563305347,59,72.79,-56.15,49.15,4.34
124,conceicao do araguaia,0,BR,1563305434,33,-8.26,-49.26,86.27,1.48
125,marsa matruh,0,EG,1563305525,70,31.35,27.25,84.2,14.99
126,yulara,0,AU,1563305526,64,-25.24,130.99,39.2,5.82
127,nizhneyansk,,,,,,,,
128,aljezur,5,PT,1563305526,63,37.31,-8.8,80.01,4
129,rangapara,8,IN,1563305527,91,26.82,92.69,68.99,3.89
130,karonga,19,MW,1563305527,76,-9.94,33.93,52.61,3.4
131,duisburg,40,DE,1563305239,59,51.44,6.76,66.99,5.82
132,novoagansk,92,RU,1563305528,70,61.94,76.66,68.81,6.08
133,puerto escondido,90,MX,1563305528,74,15.86,-97.07,84.2,5.88
134,san luis,0,AR,1563305271,44,-33.3,-66.34,66.43,23.94
135,kaitangata,25,NZ,1563305529,88,-46.28,169.85,36.23,3.78
136,sao joao da barra,20,BR,1563305346,65,-21.64,-41.05,77,18.34
137,olafsvik,,,,,,,,
138,palabuhanratu,,,,,,,,
139,basco,90,US,1563305530,74,40.33,-91.2,82.99,5.82
140,zhangjiakou,100,CN,1563305530,94,40.77,114.88,57.83,7.52
141,belushya guba,,,,,,,,
142,mpika,0,ZM,1563305530,62,-11.84,31.4,56.03,8.48
143,honiara,75,SB,1563305531,100,-9.43,159.96,73.4,2.24
144,comodoro rivadavia,0,AR,1563305531,76,-45.87,-67.48,48.2,5.82
145,blumenau,0,BR,1563305532,55,-26.92,-49.07,66,8.05
146,cockburn town,0,TC,1563305462,77,21.46,-71.14,83.39,17.27
147,saleaula,,,,,,,,
148,tarko-sale,49,RU,1563305532,88,64.92,77.78,64,9.48
149,muros,0,ES,1563305464,77,42.77,-9.06,75.2,13.87
150,airai,31,TL,1563305303,72,-8.93,125.41,68.95,5.84
151,ilo,0,PE,1563305533,72,-17.65,-71.34,64.4,9.17
152,port blair,100,IN,1563305533,81,11.67,92.75,83.93,20.33
153,saint-philippe,90,CA,1563305303,69,45.36,-73.48,82.4,17.22
154,tucuman,0,PE,1563305534,18,-17.17,-70.89,64.85,8.41
155,kodiak,1,US,1563305319,33,39.95,-94.76,89.01,5.82
156,druzhba,90,UA,1563305534,43,49.36,25.65,66,4.81
157,husavik,90,CA,1563305535,47,50.56,-96.99,79,2.8
158,umea,0,SE,1563305535,58,63.83,20.26,59,9.17
159,fort-shevchenko,47,KZ,1563305535,67,44.51,50.26,77.99,10.8
160,la sierra,0,CO,1563305536,44,2.18,-76.76,84.11,2.37
161,contai,8,IN,1563305536,78,21.78,87.75,83.39,5.79
162,champerico,90,MX,1563305536,62,16.38,-93.6,84.2,2.24
163,kamareddi,99,IN,1563305537,83,18.32,78.34,76.91,9.26
164,kedrovyy,15,RU,1563305537,93,56.17,91.82,59,4.76
165,cedeno,78,CO,1563305537,90,7.05,-72.16,55.49,3.69
166,ludwigslust,46,DE,1563305537,83,53.33,11.5,64,8.01
167,hithadhoo,100,MV,1563305299,81,-0.6,73.08,80.29,12.01
168,mahebourg,75,MU,1563305301,56,-20.41,57.7,71.6,23.04
169,tiksi,100,RU,1563305312,90,71.64,128.87,39.07,5.91
170,takoradi,95,GH,1563305310,85,4.89,-1.75,76.69,6.11
171,rawson,100,AR,1563305538,41,-43.3,-65.11,49.55,6.96
172,anshun,100,CN,1563305539,99,26.25,105.93,65.39,3.38
173,manokwari,95,ID,1563305539,75,-0.87,134.08,74.03,5.03
174,lata,87,IN,1563305539,85,30.78,78.62,39.47,0.36
175,illoqqortoormiut,,,,,,,,
176,doctor pedro p. pena,,,,,,,,
177,nykobing,,,,,,,,
178,jumla,100,NP,1563305540,89,29.28,82.18,49.01,3.56
179,agadir,0,MA,1563305541,57,30.42,-9.58,77,11.41
180,petropavl,0,KZ,1563305541,84,54.87,69.13,60.17,9.46
181,doka,100,SD,1563305541,76,13.52,35.76,78.35,13.58
182,barry,34,GB,1563305542,77,51.4,-3.27,73.99,11.41
183,havre-saint-pierre,1,CA,1563305542,60,50.23,-63.6,71.6,12.75
184,luangwa,0,MZ,1563305542,74,-15.62,30.4,58.37,2.01
185,nabire,99,ID,1563305543,99,-3.36,135.5,70.07,1.97
186,jacareacanga,20,BR,1563305543,49,-6.22,-57.76,93.2,3.36
187,brigg,20,GB,1563305543,60,53.55,-0.49,73.4,4.7
188,saldanha,66,PT,1563305543,32,41.42,-6.55,78.89,2.13
189,senneterre,75,CA,1563305544,61,48.39,-77.24,82.4,13.87
190,tumbes,40,PE,1563305496,33,-3.57,-80.46,89.6,12.75
191,kahului,20,US,1563305544,51,20.89,-156.47,86,6.93
192,general roca,0,AR,1563305545,41,-39.03,-67.58,57.2,5.82
193,norman wells,75,CA,1563305545,56,65.28,-126.83,73.4,8.05
194,boke,100,GN,1563305545,95,10.95,-14.28,75.29,3.09
195,kazalinsk,,,,,,,,
196,auki,24,NG,1563305460,67,12.18,6.51,80.15,14.29
197,inver grove heights,1,US,1563305425,69,44.85,-93.04,87.01,5.82
198,souillac,0,FR,1563305546,39,45.6,-0.6,82,10.29
199,sorrento,0,AU,1563305546,100,-31.82,115.75,48.99,5.82
200,harlingen,90,NL,1563305547,87,53.18,5.41,62.01,5.82
201,westerly,1,US,1563305445,65,41.38,-71.83,89.01,9.17
202,jorhat,0,IN,1563305547,89,26.76,94.21,77.09,3.6
203,chanasma,88,IN,1563305548,68,23.72,72.11,83.75,13.27
204,skara,0,SE,1563305548,72,58.38,13.44,62.6,9.17
205,lompoc,20,US,1563305548,72,34.64,-120.46,84,13.87
206,paamiut,100,GL,1563305548,95,61.99,-49.67,41.45,31.03
207,sao paulo de olivenca,40,BR,1563305549,80,-3.38,-68.87,83.03,2.66
208,zhezkazgan,0,KZ,1563305355,33,47.8,67.71,84.25,20.85
209,yambio,,,,,,,,
210,lakes entrance,19,AU,1563305549,91,-37.88,147.99,43,8.34
211,lesnoy,0,RU,1563305550,82,59.78,52.13,52.43,6.46
212,nautla,72,MX,1563305550,63,20.22,-96.78,87.89,14.34
213,blairmore,40,CA,1563305550,46,49.61,-114.44,69.8,10.29
214,dickinson,90,US,1563305399,93,46.88,-102.79,69.01,11.41
215,twin falls,1,US,1563305551,36,42.57,-114.46,78.8,9.17
216,arman,98,RU,1563305361,97,59.7,150.17,50.41,2.39
217,mehamn,75,NO,1563305342,87,71.03,27.85,46.4,10.29
218,bambous virieux,75,MU,1563305331,56,-20.34,57.76,71.6,23.04
219,college,75,US,1563305552,59,64.86,-147.8,64.4,5.82
220,srednekolymsk,100,RU,1563305552,69,67.46,153.71,50.45,4.92
221,bontang,84,ID,1563305552,99,0.12,117.47,71.33,2.08
222,port-gentil,90,GA,1563305553,88,-0.72,8.78,78.8,11.41
223,kavieng,1,PG,1563305553,73,-2.57,150.8,81.23,1.92
224,isangel,75,VU,1563305546,82,-19.55,169.27,62.6,10.69
225,ulladulla,29,AU,1563305553,71,-35.36,150.48,51.01,12.75
226,vila franca do campo,20,PT,1563305554,68,37.72,-25.43,69.8,5.82
227,cotonou,20,BJ,1563305554,88,6.37,2.43,77,4.7
228,hobart,40,AU,1563305183,66,-42.88,147.33,55.99,11.41
229,tarudant,,,,,,,,
230,san quintin,100,PH,1563305555,95,17.54,120.52,72.41,2.42
231,dakar,0,SN,1563304943,74,14.69,-17.45,80.6,11.41
232,sisophon,47,KH,1563305555,91,13.59,102.97,75.47,5.12
233,shangrao,68,CN,1563305555,94,28.45,117.97,75.11,2.95
234,miramar,75,CR,1563305556,54,10.09,-84.73,80.6,10.29
235,cidreira,71,BR,1563305350,72,-30.17,-50.22,59.77,10.38
236,tadine,97,NC,1563305556,63,-21.55,167.88,68.45,14.61
237,livadiya,100,RU,1563305556,96,42.87,132.68,58.73,4.29
238,buraydah,0,SA,1563305334,18,26.33,43.97,96.8,8.05
239,sao filipe,40,CV,1563305307,79,14.9,-24.5,73.63,10.83
240,obama,3,JP,1563305557,90,35.49,135.74,75.99,3.42
241,caska,90,MK,1563305557,77,41.65,21.66,68,2.24
242,butaritari,100,KI,1563305308,59,3.07,172.79,83.71,6.13
243,chokurdakh,100,RU,1563305327,77,70.62,147.9,38.35,7.43
244,coquimbo,0,CL,1563305296,67,-29.95,-71.34,72,6.93
245,terney,100,RU,1563305558,90,45.05,136.61,59.27,1.41
246,utete,0,TZ,1563305559,81,-7.99,38.76,68.81,3.06
247,dosso,29,NE,1563305559,46,13.05,3.19,89.87,11.23
248,lavrentiya,76,RU,1563305559,53,65.58,-170.99,62.87,4.7
249,coihaique,20,CL,1563305560,89,-45.58,-72.07,46.4,1.99
250,diego de almagro,0,CL,1563305560,76,-26.39,-70.05,52.61,6.8
251,bilibino,98,RU,1563305560,80,68.06,166.44,41.99,10.83
252,saint-augustin,75,CA,1563305560,78,45.63,-73.98,84,8.05
253,karaul,,,,,,,,
254,dwarka,75,IN,1563305561,83,28.58,77.04,88,4.7
255,tayu,75,JP,1563305561,88,35.06,136.67,78.01,5.82
256,san antonio de los banos,40,CU,1563305562,52,22.89,-82.5,89.6,5.82
257,ribeira grande,20,PT,1563305357,69,38.52,-28.7,73.4,6.93
258,hirado,75,JP,1563305562,100,33.32,129.49,78.01,3.36
259,thompson,75,CA,1563305185,46,55.74,-97.86,71.6,3.36
260,langham,90,CA,1563305563,60,52.36,-106.96,68,8.05
261,kafanchan,99,NG,1563305563,91,9.58,8.3,69.89,1.28
262,betanzos,20,ES,1563305563,88,43.28,-8.21,70,12.75
263,carquefou,0,FR,1563305564,41,47.3,-1.49,86,10.29
264,kiama,0,AU,1563305564,71,-34.67,150.86,54,12.75
265,lasa,0,CY,1563305564,73,34.92,32.53,77,6.93
266,lethem,79,GY,1563305564,62,3.38,-59.8,85.73,8.16
267,bartica,40,GY,1563305565,74,6.41,-58.62,84.2,16.11
268,shenkursk,23,RU,1563305565,64,62.11,42.91,53.69,3.31
269,anse-bertrand,20,GP,1563305565,58,16.47,-61.51,87.8,16.11
270,westport,1,US,1563305294,43,41.14,-73.36,93,9.17
271,east london,0,ZA,1563305309,30,-33.02,27.91,71.6,8.05
272,belmonte,4,PT,1563305566,31,40.36,-7.35,82.99,5.23
273,ostrowiec swietokrzyski,0,PL,1563305566,1,50.93,21.39,64.99,8.1
274,ponta do sol,47,BR,1563305357,55,-20.63,-46,73.63,11.25
275,panchgani,100,IN,1563305567,88,17.92,73.8,74.93,2.51
276,nikolskoye,75,RU,1563305365,55,59.7,30.79,64.99,17.9
277,komsomolskiy,94,RU,1563305567,84,67.55,63.78,59.99,12.84
278,hatillo,1,PR,1563305487,66,18.49,-66.83,88,21.92
279,coffs harbour,0,AU,1563305451,100,-30.3,153.13,42.01,3.36
280,batagay-alyta,92,RU,1563305334,76,67.8,130.41,44.65,1.43
281,paragominas,56,BR,1563305568,84,-3,-47.35,77.99,2.64
282,mutsamudu,,,,,,,,
283,edremit,20,TR,1563305569,45,38.43,43.26,66.2,5.01
284,ancud,90,CL,1563305326,100,-41.87,-73.83,46.4,6.93
285,pathein,100,MM,1563305569,88,16.78,94.73,80.15,5.86
286,esperance,0,AU,1563305569,87,-33.86,121.89,42.8,10.29
287,narsaq,75,GL,1563305335,51,60.91,-46.05,59,9.17
288,birjand,0,IR,1563305397,14,32.86,59.22,77,6.93
289,half moon bay,1,US,1563305570,93,37.46,-122.43,84,8.05
290,port hardy,90,CA,1563305570,93,50.7,-127.42,57.2,3.36
291,bowen,82,AU,1563305571,93,-20.01,148.25,54,2.04
292,tual,1,ID,1563305571,83,-5.67,132.75,77.45,21.94
293,nizwa,6,OM,1563305571,39,22.93,57.53,82.31,0.96
294,namibe,1,AO,1563305572,87,-15.19,12.15,67.19,5.55
295,tuatapere,99,NZ,1563305317,71,-46.13,167.69,45.73,3.87
296,helena,1,US,1563305397,38,46.59,-112.04,75.2,13.87
297,moba,0,CD,1563305572,46,-7.04,29.77,58.91,3.78
298,berlevag,75,NO,1563305363,87,70.86,29.09,46.4,10.29
299,santa ines,75,EC,1563305573,54,-0.82,-78.63,66.2,14.99
300,sinnamary,1,GF,1563305573,72,5.38,-52.96,82.49,11.14
301,morro bay,1,US,1563305274,82,35.37,-120.85,89.01,13.87
302,balma,0,FR,1563305574,26,43.61,1.51,84.2,10.29
303,itapirapua,56,BR,1563305574,39,-15.82,-50.61,81.05,5.61
304,vila velha,20,BR,1563305574,62,-3.71,-38.6,86,16.11
305,guatire,10,VE,1563305575,70,10.47,-66.54,86,5.82
306,natchitoches,40,US,1563305575,56,31.76,-93.09,93.2,9.17
307,podgornoye,10,RU,1563305575,97,57.79,82.64,56.39,4.61
308,lima,90,PE,1563305453,82,-12.06,-77.04,64.4,9.17
309,fortuna,20,US,1563305576,93,40.6,-124.16,73.99,16.11
310,ostersund,8,SE,1563305576,62,63.18,14.64,60.01,4.7
311,canto do buriti,0,BR,1563305483,35,-8.11,-42.94,81.23,4.43
312,vanimo,11,PG,1563305577,78,-2.67,141.3,82.31,9.95
313,thaton,100,MM,1563305577,80,16.91,97.37,81.05,6.31
314,campbell river,75,CA,1563305408,56,50.02,-125.24,73.99,9.17
315,humaita,75,AR,1563305578,72,-24.93,-65.37,60.8,8.05
316,miyako,75,JP,1563305578,78,33.63,130.94,77,6.93
317,ialibu,99,PG,1563305578,98,-6.28,143.99,64.85,1.45
318,ust-tsilma,100,RU,1563305579,94,65.44,52.15,49.19,6.24
319,garowe,49,SO,1563305579,50,8.41,48.48,80.69,22.01
320,washington,75,US,1563305311,41,38.9,-77.04,96.01,5.82
321,ayer tawar,75,MY,1563305579,100,4.3,100.75,75.2,2.24
322,broome,20,GB,1563305580,68,52.47,1.45,72,5.82
323,kruisfontein,12,ZA,1563305325,54,-34,24.73,55.99,5.28
324,labuhan,100,ID,1563305485,90,-2.54,115.51,68.63,1.61
325,attawapiskat,,,,,,,,
326,kirkuk,0,IQ,1563305581,28,35.47,44.4,81.77,7.83
327,mustang,1,US,1563305581,35,35.38,-97.72,100.99,10.29
328,moshenskoye,93,RU,1563305581,96,58.52,34.59,53.87,3.24
329,mangrol,51,IN,1563305581,54,25.33,76.51,88.25,12.53
330,meadow lake,75,CA,1563305582,49,54.13,-108.44,69.8,5.82
331,san carlos,100,NI,1563305582,56,11.12,-84.78,73.99,20
332,san miguel,0,AR,1563305583,41,-34.54,-58.72,62.01,8.05
333,tsihombe,,,,,,,,
334,port-cartier,90,CA,1563305583,56,50.03,-66.88,75,6.93
335,sahrak,,,,,,,,
336,padang,100,ID,1563305584,80,-0.92,100.36,81.23,6.04
337,bilopillya,34,UA,1563305585,90,51.15,34.31,57.47,4.97
338,strezhevoy,0,RU,1563305585,88,60.73,77.6,69.8,6.71
339,nome,40,US,1563305585,75,30.04,-94.42,93,12.75
340,alofi,28,NU,1563305586,88,-19.06,-169.92,77,4.7
341,emba,0,CY,1563305586,73,34.81,32.42,77,6.93
342,paulo ramos,13,BR,1563305586,76,-4.45,-45.24,78.89,2.86
343,khrebtovaya,2,RU,1563305587,97,56.71,104.25,58.37,2.15
344,winnemucca,1,US,1563305316,26,40.97,-117.74,82.4,4.94
345,pangnirtung,90,CA,1563305587,100,66.15,-65.72,44.6,5.82
346,pouebo,93,NC,1563305587,73,-20.4,164.57,60.89,3.65
347,chernyshevskiy,1,RU,1563305588,67,63.01,112.47,60.89,3.11
348,agirish,97,RU,1563305588,93,61.92,63.02,64.13,3.76
349,dong hoi,33,VN,1563305588,79,17.48,106.6,78.71,2.53
350,mizan teferi,88,ET,1563305589,95,6.99,35.58,60.89,3.65
351,chaiyaphum,0,TH,1563305589,93,15.81,102.03,73.85,5.61
352,katsuura,75,JP,1563305343,100,33.93,134.5,72,5.82
353,rungata,,,,,,,,
354,ngunguru,0,NZ,1563305590,95,-35.62,174.5,48.99,7
355,arlit,100,NE,1563305590,17,18.74,7.39,100.13,9.93
356,kandrian,17,PG,1563305591,95,-6.21,149.55,72.95,2.15
357,mount isa,0,AU,1563305338,53,-20.73,139.49,50,5.82
358,san rafael,1,AR,1563305353,25,-34.61,-68.33,63.73,4.85
359,siniscola,0,IT,1563305591,50,40.57,9.69,78.8,8.05
360,zelenoborskiy,66,RU,1563305592,96,66.84,32.36,42.89,4.05
361,waharoa,13,NZ,1563305592,86,-37.76,175.76,54,5.97
362,sisimiut,100,GL,1563305592,92,66.94,-53.67,41.99,7.58
363,vardo,75,US,1563305593,62,39.62,-77.74,93.99,8.05
364,codrington,0,AU,1563305593,93,-28.95,153.24,55.99,8.05
365,meulaboh,100,ID,1563305594,79,4.14,96.13,80.87,7.99
366,north bend,90,US,1563305321,77,43.41,-124.22,77,13.87
367,riyadh,0,SA,1563305594,20,24.63,46.72,93.2,2.24
368,tshane,0,BW,1563305595,26,-24.02,21.87,54.23,7.16
369,nurota,0,UZ,1563305595,18,40.56,65.69,82.4,8.84
370,margate,40,AU,1563305454,66,-43.03,147.26,55.99,11.41
371,salalah,90,OM,1563305314,88,17.01,54.1,80.6,6.93
372,yuanping,98,CN,1563305596,93,38.72,112.71,58.19,2.77
373,san cristobal,30,HN,1563305352,40,14.68,-86.92,85.15,11.7
374,mareeba,93,AU,1563305596,87,-16.99,145.42,55.4,11.41
375,qasigiannguit,20,GL,1563305597,54,68.82,-51.19,55.4,4.7
376,nanortalik,100,GL,1563305578,93,60.14,-45.24,40.73,3.38
377,arrifes,20,PT,1563305597,68,37.77,-25.7,69.8,5.82
378,asyut,0,EG,1563305598,29,27.18,31.19,98.6,4.7
379,esfahan,20,IR,1563305498,10,32.66,51.68,87.8,4.7
380,stornoway,,,,,,,,
381,armacao dos buzios,,,,,,,,
382,aykhal,90,RU,1563305350,82,65.95,111.51,60.8,2.24
383,la rioja,0,AR,1563305599,65,-29.41,-66.86,54.59,4.68
384,burnie,100,AU,1563305599,87,-41.05,145.91,48.99,5.01
385,mogadishu,65,SO,1563305568,82,2.04,45.34,75.47,15.39
386,uzunkopru,,,,,,,,
387,tezu,49,IN,1563305600,78,27.93,96.16,72.59,2.28
388,paris,0,FR,1563305600,36,48.86,2.35,77,3.36
389,tapes,97,BR,1563305439,79,-30.67,-51.4,53.87,4.59
390,lokoja,65,NG,1563305600,94,7.8,6.74,73.67,3.91
391,teixeira,53,BR,1563305323,24,-7.22,-37.25,91.63,9.75
392,shache,0,CN,1563305601,23,38.42,77.24,79.43,3.47
393,seymchan,100,RU,1563305601,64,62.93,152.39,56.75,1.86
394,jacksonville,75,US,1563305506,35,30.33,-81.66,100,5.82
395,sambava,96,MG,1563305602,96,-14.27,50.17,64.13,3.38
396,tenenkou,17,ML,1563305602,37,14.46,-4.91,92.93,8.14
397,hun,11,BE,1563305602,67,50.34,4.87,66.2,4.7
398,nyurba,83,RU,1563305603,59,63.29,118.35,63.95,7.78
399,kuche,,,,,,,,
400,igarka,0,RU,1563305603,83,67.47,86.57,65.03,10.04
401,safaga,,,,,,,,
402,oktyabrskoye,20,RU,1563305604,93,56.73,85.44,59,2.24
403,dolbeau,,,,,,,,
404,rudnichnyy,89,RU,1563305604,82,59.7,60.29,57.11,10.04
405,verkh-chebula,29,RU,1563305605,92,56.03,87.61,53.33,2.66
406,kodinsk,89,RU,1563305605,97,58.6,99.18,61.61,0.96
407,kununurra,100,AU,1563305605,34,-15.77,128.74,64.4,5.82
408,aswan,0,EG,1563305605,14,24.09,32.9,98.6,3.36
409,kloulklubed,100,PW,1563305606,81,7.04,134.26,81.95,7.94
410,northam,0,AU,1563305606,93,-31.65,116.67,41,2.24
411,ambunti,13,PG,1563305606,98,-4.22,142.82,71.69,1.3
412,port keats,71,AU,1563305607,33,-14.25,129.55,63.59,13.58
413,alice springs,0,AU,1563305467,86,-23.7,133.88,39.2,3.36
414,pinega,14,RU,1563305607,92,64.7,43.39,47.03,6.13
415,lagunas,100,PE,1563305607,82,-5.23,-75.68,80.51,4.43
416,araouane,43,ML,1563305608,22,18.9,-3.53,101.21,13.96
417,vilyuysk,87,RU,1563305608,61,63.75,121.63,63.59,7.09
418,fare,17,PF,1563305608,78,-16.7,-151.02,75.65,19.28
419,whitehorse,75,CA,1563305609,45,60.72,-135.06,70,10.29
420,puerto el triunfo,20,SV,1563305609,49,13.27,-88.55,93.2,8.05
421,kabo,83,CF,1563305610,82,7.69,18.62,73.67,1.28
422,buala,34,SB,1563305610,78,-8.15,159.59,80.51,7.65
423,ongandjera,46,NA,1563305492,17,-17.88,15.07,60.35,8.19
424,tahoua,40,NE,1563305610,83,14.89,5.26,77,4.7
425,san ramon de la nueva oran,100,AR,1563305449,60,-23.13,-64.33,66.65,3.33
426,duz,,,,,,,,
427,loandjili,75,CG,1563305611,88,-4.77,11.87,73.4,5.82
428,dimitrovgrad,75,BG,1563305611,72,42.06,25.59,68,6.93
429,burns lake,100,CA,1563305573,39,54.23,-125.76,65.93,9.57
430,chipinge,0,ZW,1563305612,55,-20.19,32.62,57.11,6.85
431,zhangye,100,CN,1563305612,43,38.94,100.46,66.83,11.43
432,kurchum,77,KZ,1563305613,66,48.57,83.65,58.19,7.2
433,tabialan,,,,,,,,
434,meyungs,,,,,,,,
435,nador,0,MA,1563305613,44,35.17,-2.93,80.6,6.93
436,gazli,0,UZ,1563305614,13,40.13,63.45,88.43,9.1
437,hami,100,CN,1563305305,32,42.84,93.51,79.75,9.71
438,guicheng,,,,,,,,
439,korhogo,88,CI,1563305363,85,9.46,-5.63,77.23,4.65
440,alyangula,70,AU,1563305615,93,-13.85,136.42,55.4,19.39
441,hovd,75,NO,1563305615,71,63.83,10.7,57.2,6.93
442,gusau,24,NG,1563305615,67,12.17,6.66,80.15,14.29
443,leningradskiy,100,RU,1563305615,94,69.38,178.42,38.21,14.38
444,darhan,100,MN,1563305551,93,49.49,105.92,60.53,0.83
445,turayf,0,SA,1563305616,30,31.68,38.65,86,13.87
446,kaltasy,84,RU,1563305616,89,55.97,54.79,56.21,2.64
447,itacoatiara,20,BR,1563305617,59,-3.14,-58.44,89.6,3.36
448,palmer,75,AU,1563305301,71,-34.85,139.16,54,17.22
449,zirgan,100,RU,1563305617,88,53.22,55.92,58.55,4.16
450,nago,0,IT,1563305618,50,45.88,10.89,79,5.82
451,bonavista,37,CA,1563305612,78,48.65,-53.11,55,1.01
452,victor harbor,75,AU,1563305618,71,-35.55,138.62,53.6,17.22
453,gagra,0,GE,1563305618,93,43.29,40.27,64.4,2.24
454,cayenne,0,GF,1563305403,66,4.94,-52.33,87.8,9.17
455,rio grande,20,BR,1563305619,63,-32.03,-52.1,62.6,5.82
456,buckeye,0,US,1563305491,6,33.37,-112.58,114.01,8.05
457,cap malheureux,75,MU,1563305354,56,-19.98,57.61,71.6,23.04
458,san juan,0,AR,1563305619,25,-31.54,-68.53,56.21,0.56
459,bela,87,PK,1563305620,81,26.23,66.31,76.37,8.01
460,mount pleasant,1,US,1563305414,55,33.16,-94.97,96.01,11.41
461,viedma,100,AR,1563305620,44,-40.81,-62.99,54.41,16.55
462,praya,40,ID,1563305621,88,-8.71,116.27,71.6,5.82
463,bonthe,100,SL,1563305621,83,7.53,-12.5,77.27,13.69
464,utiroa,,,,,,,,
465,kuvandyk,80,RU,1563305622,82,51.48,57.35,58.55,4.07
466,sitka,7,US,1563305622,18,37.17,-99.65,102.65,15.68
467,manaia,5,BR,1563305622,55,-5.02,-39.08,77.63,3.8
468,numaligarh,0,IN,1563305623,96,26.63,93.73,72.41,1.99
469,mayo,75,CA,1563305623,59,63.59,-135.9,64.4,3.36
470,puro,100,PH,1563305623,88,13.13,123.76,78.35,21.52
471,khatanga,76,RU,1563305324,85,71.98,102.47,50.41,17.29
472,saint anthony,1,US,1563305624,39,43.97,-111.68,78.8,12.75
473,ahipara,0,NZ,1563305624,67,-35.17,173.16,59.27,24.32
474,ponta delgada,20,PT,1563305460,68,37.73,-25.67,69.8,5.82
475,hongan,,,,,,,,
476,omboue,97,GA,1563305625,85,-1.57,9.26,76.01,11.9
477,tura,0,RU,1563305549,69,64.27,100.22,63.95,4.74
478,havoysund,40,NO,1563305625,76,71,24.66,51.8,6.93
479,semey,1,KZ,1563305626,56,50.41,80.25,64.85,7.83
480,lucapa,0,AO,1563305626,31,-8.42,20.74,68.63,2.57
481,glendive,1,US,1563305585,69,47.11,-104.71,77,5.82
482,ugoofaaru,100,MV,1563305627,77,5.67,73,82.67,14.29
483,ogbomosho,100,NG,1563305627,91,8.13,4.25,73.85,4.56
484,yamada,75,JP,1563305627,94,36.58,137.08,71.01,4.7
485,marmaron,,,,,,,,
486,ous,4,RU,1563305628,95,60.91,61.52,58.73,5.46
487,karratha,0,AU,1563305339,19,-20.74,116.85,61.39,11.77
488,batagay,76,RU,1563305628,57,67.65,134.64,57.11,2.89
489,havelock,1,US,1563305628,49,34.88,-76.9,96.01,13.87
490,mineiros,49,BR,1563305629,54,-17.57,-52.55,74.39,4.92
491,constitucion,40,MX,1563305629,38,23.99,-104.67,78.01,4.7
492,mbala,0,ZM,1563305630,59,-8.85,31.37,58.73,6.51
493,bathsheba,40,BB,1563305342,62,13.22,-59.52,87.8,19.46
494,wenling,99,CN,1563305630,94,28.38,121.38,79,0.54
495,marawi,100,PH,1563305630,73,8,124.29,77,4
496,frontera,90,MX,1563305631,52,18.53,-92.64,91.4,18.34
497,yoichi,93,JP,1563305631,85,43.19,140.77,64.99,1.99
498,lagos,20,NG,1563305444,88,6.46,3.39,75.2,5.82
499,rosarito,75,CO,1563305632,69,4.91,-75.23,82.4,8.05
500,lolua,,,,,,,,
501,terrasini,20,IT,1563305632,73,38.15,13.08,80.01,16.11
502,noumea,90,NC,1563305284,82,-22.28,166.46,62.6,2.24
503,kovdor,100,RU,1563305633,92,67.56,30.47,41.99,3.87
504,antofagasta,0,CL,1563305150,58,-23.65,-70.4,59,11.41
505,ituni,,,,,,,,
506,villazon,,,,,,,,
507,yeppoon,0,AU,1563305634,81,-23.13,150.74,42.8,3.04
508,solnechnyy,38,RU,1563305634,86,50.72,136.64,67.01,0.78
509,yar-sale,50,RU,1563305634,83,66.83,70.83,62.87,15.21
510,touros,75,BR,1563305635,83,-5.2,-35.46,78.8,9.17
511,port moresby,96,PG,1563305569,89,-9.47,147.16,76.55,22.46
512,santa lucia,0,IT,1563305635,32,41.98,12.66,84.2,13.87
513,grand forks,1,US,1563305636,54,47.91,-97.06,82.99,4.74
514,ayagoz,8,KZ,1563305636,49,47.96,80.43,57.83,2.62
515,newport,1,US,1563305391,51,41.49,-71.31,88,11.41
516,chimbote,0,PE,1563305636,88,-9.08,-78.59,62.69,12.5
517,yushan,75,CN,1563305637,94,31.68,118.49,78.8,6.71
518,port hawkesbury,1,CA,1563305637,69,45.62,-61.36,77,9.17
519,cheyenne,1,US,1563305553,42,41.14,-104.82,91,11.41
520,laguna,75,BZ,1563305637,74,16.17,-88.94,86,9.17
521,brandon,40,US,1563305638,69,43.59,-96.57,87.01,2.1
522,agutaya,100,PH,1563305638,78,11.15,120.94,82.85,26.93
523,sioux lookout,40,CA,1563305639,53,50.1,-91.92,73.4,9.17
524,grand gaube,75,MU,1563305315,56,-20.01,57.66,71.6,23.04
525,sungaipenuh,87,ID,1563305639,94,-2.08,101.38,69.71,3.42
526,ulaangom,65,MN,1563305639,79,49.98,92.07,58.55,4.16
527,kayseri,0,TR,1563305640,42,38.73,35.48,68,3.42
528,faanui,4,PF,1563305340,80,-16.48,-151.75,76.15,16.42
529,dabola,100,GN,1563305640,97,10.74,-11.11,68.27,1.32
530,taseyevo,98,RU,1563305641,98,57.22,94.9,57.29,1.83
531,ayan,0,IR,1563305641,37,38.23,44.7,57.47,5.14
532,badvel,100,IN,1563305641,63,14.74,79.07,83.39,10.98
533,nkhotakota,0,MW,1563305642,60,-12.93,34.3,56.03,2.53
534,mandalgovi,22,MN,1563305642,56,45.76,106.27,67.37,10.63
535,jiayuguan,100,CN,1563305642,51,39.77,98.29,66.83,19.8
536,little current,75,CA,1563305643,65,45.98,-81.93,78.8,12.75
537,baykit,100,RU,1563305643,92,61.68,96.39,59.63,5.3
538,mamakan,0,RU,1563305643,92,57.82,114.02,58.55,3.36
539,isla mujeres,75,MX,1563305644,62,21.23,-86.73,89.6,5.82
540,mirnyy,75,RU,1563305644,97,56.57,36.46,54.23,5.14
541,humberto de campos,60,BR,1563305644,91,-2.6,-43.46,77.63,3.71
542,egvekinot,99,RU,1563305645,79,66.32,-179.17,51.17,8.1
543,pringsewu,99,ID,1563305645,97,-5.36,104.98,67.73,1.99
544,christchurch,95,NZ,1563305359,93,-43.53,172.64,48.99,5.82
545,natal,75,BR,1563305645,83,-5.81,-35.21,78.8,9.17
546,naron,20,ES,1563305646,88,43.52,-8.15,69.01,12.75
547,pisco,0,PE,1563305353,30,-13.71,-76.2,71.6,10.29
548,tessalit,7,ML,1563305535,24,20.2,1.01,95.45,28.79
549,gat,0,SN,1563305646,69,14.69,-16.54,95,11.41
550,inhambane,0,MZ,1563305647,88,-23.87,35.38,62.6,3.91
551,boden,0,SE,1563305647,71,65.83,21.69,57.2,1.34
552,acapulco,40,MX,1563305386,66,16.86,-99.88,89.6,6.93
553,makakilo city,1,US,1563305648,65,21.35,-158.09,87.01,5.82
554,varhaug,0,NO,1563305648,82,58.61,5.65,55.99,12.75
555,umzimvubu,,,,,,,,
556,stockton-on-tees,20,GB,1563305649,49,54.56,-1.31,73,10.29
557,wuda,100,CN,1563305649,74,39.5,106.72,67.91,8.86
558,sinnar,27,IN,1563305649,79,19.85,74,75.29,17.09
559,council bluffs,1,US,1563305534,62,41.26,-95.86,93,8.05
560,belaya gora,100,RU,1563305650,84,68.54,146.19,44.33,4.65
561,rawlins,20,US,1563305650,11,41.79,-107.24,87.01,18.34
562,mujiayingzi,78,CN,1563305650,79,42.12,118.78,63.41,7.38
563,saint peters,90,US,1563305651,94,35.62,-89.39,79,9.17
564,koslan,100,RU,1563305651,90,63.46,48.9,52.25,6.44
565,adelaide,75,AU,1563305425,71,-34.93,138.6,54,17.22
566,yerbogachen,0,RU,1563305651,76,61.28,108.01,58.19,3.18
567,petropavlovsk-kamchatskiy,0,RU,1563305652,100,53.05,158.65,55.4,6.71
568,maryville,1,US,1563305615,49,35.76,-83.97,96.01,10.29
569,luganville,75,VU,1563305357,100,-15.51,167.18,68,1.12
570,botwood,40,CA,1563305653,77,49.14,-55.34,70,8.05
571,panama city,1,US,1563305484,62,30.16,-85.65,93.99,10.29
572,marang,,,,,,,,
573,agadez,1,NE,1563305653,34,16.97,7.99,95,9.17
574,mogapi,0,BW,1563305654,55,-22.32,27.84,60.8,3.36
575,hay river,20,CA,1563305654,28,60.82,-115.79,84.2,8.05
576,saint stephen,1,US,1563305654,51,45.7,-94.27,87.01,3.36
577,kalush,0,UA,1563305655,72,49.03,24.36,60.8,2.24
578,aksarka,64,RU,1563305655,91,66.56,67.8,60.17,11.74
579,kalabo,0,ZM,1563305656,37,-15,22.67,57.83,7.23
580,almaznyy,40,RU,1563305656,93,48.03,40.04,66.2,4.47
581,aklavik,90,CA,1563305656,82,68.22,-135.01,55.4,8.05
582,bassar,40,TG,1563305657,88,9.26,0.78,73.4,2.24
583,zenzeli,0,RU,1563305657,61,45.92,47.05,73.85,5.99
584,west bay,20,CA,1563305658,60,49.34,-123.21,75,8.05
585,moose factory,75,CA,1563305658,57,51.26,-80.61,77,19.46
586,te anau,100,NZ,1563305659,94,-45.41,167.72,35.87,1.54
587,mount gambier,75,AU,1563305443,100,-37.83,140.78,48.2,8.05
588,bezhanitsy,31,RU,1563305659,95,56.97,29.88,52.07,3.8
589,huacho,0,PE,1563305659,87,-11.11,-77.61,61.97,14.56
590,buchanan,75,LR,1563305660,83,5.88,-10.05,78.8,4.7
591,mahon,40,IE,1563305660,63,51.89,-8.4,64.4,10.29
592,manaure,75,CO,1563305660,74,11.78,-72.45,86,19.46
593,bam,0,IR,1563305661,25,29.11,58.36,72.05,6.69
594,katano,75,JP,1563305661,94,34.79,135.68,75.99,4.7
595,soyo,75,AO,1563305363,83,-6.13,12.37,73.4,6.93
596,khandbari,61,NP,1563305542,88,27.38,87.21,54.05,2.51
597,shemgang,100,BT,1563305662,97,27.22,90.66,52.07,1.68
598,hit,0,IQ,1563305662,23,33.64,42.83,85.55,10.65
